PrimaryDisease,Mutationppt
pathogenic_variant,M1T
pathogenic_variant,M1V
pathogenic_variant,L107F
pathogenic_variant,T114A
pathogenic_variant,T114I
pathogenic_variant,E119G
pathogenic_variant,S122L
pathogenic_variant,E130K
pathogenic_variant,R144Q
pathogenic_variant,Y154D
pathogenic_variant,G159R
pathogenic_variant,G159E
pathogenic_variant,V175L
pathogenic_variant,S187Y
pathogenic_variant,G189V
pathogenic_variant,N190S
pathogenic_variant,S195P
pathogenic_variant,A196V
pathogenic_variant,L197P
pathogenic_variant,R198Q
pathogenic_variant,R201C
pathogenic_variant,R201H
pathogenic_variant,L203P
pathogenic_variant,I205V
pathogenic_variant,R207Q
pathogenic_variant,R207W
pathogenic_variant,M208V
pathogenic_variant,R210H
pathogenic_variant,R210C
pathogenic_variant,D212G
pathogenic_variant,R213W
pathogenic_variant,R213Q
pathogenic_variant,R214W
pathogenic_variant,G215R
pathogenic_variant,T217N
pathogenic_variant,T217A
pathogenic_variant,H228Q
pathogenic_variant,T234P
pathogenic_variant,G239R
pathogenic_variant,L243F
pathogenic_variant,A246P
pathogenic_variant,S247W
pathogenic_variant,V250G
pathogenic_variant,V250L
pathogenic_variant,A253T
pathogenic_variant,G256W
pathogenic_variant,N258S
pathogenic_variant,D259Y
pathogenic_variant,A265T
pathogenic_variant,Y264N
pathogenic_variant,A265P
pathogenic_variant,A265V
pathogenic_variant,D266E
pathogenic_variant,L268P
pathogenic_variant,L268F
pathogenic_variant,W269L
pathogenic_variant,W269T
pathogenic_variant,G271V
pathogenic_variant,T274M
pathogenic_variant,T276I
pathogenic_variant,T277I
pathogenic_variant,G279C
pathogenic_variant,Y280H
pathogenic_variant,G281W
pathogenic_variant,G281R
pathogenic_variant,Y284C
pathogenic_variant,Y284H
pathogenic_variant,Y284D
pathogenic_variant,P285H
pathogenic_variant,T287N
pathogenic_variant,G290S
pathogenic_variant,G290D
pathogenic_variant,R291S
pathogenic_variant,R291G
pathogenic_variant,L292P
pathogenic_variant,A294V
pathogenic_variant,A294G
pathogenic_variant,T296P
pathogenic_variant,G301S
pathogenic_variant,F304S
pathogenic_variant,F305L
pathogenic_variant,A306T
pathogenic_variant,A306V
pathogenic_variant,A309V
pathogenic_variant,G315R
pathogenic_variant,R325G
pathogenic_variant,R333W
pathogenic_variant,R333Q
pathogenic_variant,A337T
pathogenic_variant,A337G
pathogenic_variant,L339R
pathogenic_variant,W344R
pathogenic_variant,L351F
pathogenic_variant,L351V
pathogenic_variant,S352P
pathogenic_variant,R353H
pathogenic_variant,R353G
pathogenic_variant,L356V
pathogenic_variant,S358F
pathogenic_variant,T359K
pathogenic_variant,Y362C
pathogenic_variant,P420M
pathogenic_variant,Q461P
pathogenic_variant,A501P
pathogenic_variant,E515D
pathogenic_variant,R541G
pathogenic_variant,M546V
pathogenic_variant,R547W
pathogenic_variant,K552T
pathogenic_variant,R553W
pathogenic_variant,R553Q
pathogenic_variant,R553L
pathogenic_variant,K554N
pathogenic_variant,K556E
pathogenic_variant,R560W
pathogenic_variant,P561S
pathogenic_variant,P561L
pathogenic_variant,D563N
pathogenic_variant,D563E
pathogenic_variant,V567D
pathogenic_variant,M578V
pathogenic_variant,M578I
pathogenic_variant,R581G
pathogenic_variant,R581Q
pathogenic_variant,R588S
pathogenic_variant,I592M
pathogenic_variant,R595W
pathogenic_variant,L637R
benign_variant,R871S
benign_variant,R854C
benign_variant,N780T
benign_variant,G756S
benign_variant,Y755C
pathogenic_variant,T716I
benign_variant,I689L
pathogenic_variant,Q646R
benign_variant,A611V
pathogenic_variant,K552N
pathogenic_variant,R581L
pathogenic_variant,M578T
pathogenic_variant,G574D
pathogenic_variant,D563Y
pathogenic_variant,R560Q
pathogenic_variant,F555L
pathogenic_variant,R553P
pathogenic_variant,R547G
pathogenic_variant,M546T
pathogenic_variant,C544Y
benign_variant,V450M
pathogenic_variant,P430S
benign_variant,G418V
benign_variant,P411L
pathogenic_variant,W360C
pathogenic_variant,L356R
pathogenic_variant,D355E
pathogenic_variant,D355G
pathogenic_variant,D355V
pathogenic_variant,N350K
pathogenic_variant,N350I
pathogenic_variant,T349I
pathogenic_variant,Q341H
pathogenic_variant,Q341R
pathogenic_variant,I340M
pathogenic_variant,L339Q
pathogenic_variant,A336V
pathogenic_variant,P335L
pathogenic_variant,P335A
pathogenic_variant,P335S
pathogenic_variant,R332G
pathogenic_variant,K331T
pathogenic_variant,F329S
pathogenic_variant,H324Y
pathogenic_variant,K319R
pathogenic_variant,K319E
pathogenic_variant,A317T
pathogenic_variant,S314P
pathogenic_variant,L312S
pathogenic_variant,I311N
pathogenic_variant,A306E
pathogenic_variant,A306P
pathogenic_variant,G301D
pathogenic_variant,G290V
pathogenic_variant,P285L
pathogenic_variant,P285S
pathogenic_variant,K283R
pathogenic_variant,K283E
pathogenic_variant,D282V
pathogenic_variant,D282N
pathogenic_variant,G281E
pathogenic_variant,Y280C
pathogenic_variant,I278T
pathogenic_variant,I278N
pathogenic_variant,T277S
pathogenic_variant,T276N
pathogenic_variant,L275V
pathogenic_variant,I273M
pathogenic_variant,I273N
pathogenic_variant,G271R
pathogenic_variant,D266G
pathogenic_variant,T263I
pathogenic_variant,T263A
pathogenic_variant,F261C
pathogenic_variant,H260Y
pathogenic_variant,D259G
pathogenic_variant,G256R
pathogenic_variant,K255R
pathogenic_variant,E254D
pathogenic_variant,A253S
pathogenic_variant,L249P
pathogenic_variant,F248S
pathogenic_variant,S247L
pathogenic_variant,S247P
pathogenic_variant,L245P
pathogenic_variant,L243V
pathogenic_variant,C242G
pathogenic_variant,I238L
pathogenic_variant,Y237C
pathogenic_variant,A235V
pathogenic_variant,E231D
pathogenic_variant,E231G
pathogenic_variant,E231Q
pathogenic_variant,K230M
pathogenic_variant,H228Y
pathogenic_variant,V224L
pathogenic_variant,S223P
pathogenic_variant,K219N
pathogenic_variant,T217P
pathogenic_variant,R214Q
pathogenic_variant,R214P
pathogenic_variant,D212E
pathogenic_variant,D212A
pathogenic_variant,D212V
pathogenic_variant,M211V
pathogenic_variant,R210P
pathogenic_variant,I209T
pathogenic_variant,L206P
pathogenic_variant,Q204H
pathogenic_variant,Q204R
pathogenic_variant,L200P
pathogenic_variant,R198P
pathogenic_variant,S195C
pathogenic_variant,T194I
pathogenic_variant,A193D
pathogenic_variant,Q188K
pathogenic_variant,D172G
pathogenic_variant,C169F
pathogenic_variant,G159V
pathogenic_variant,R144G
pathogenic_variant,Y127C
pathogenic_variant,T114P
pathogenic_variant,S113Y
pathogenic_variant,F104S
pathogenic_variant,L101H
pathogenic_variant,H96P
pathogenic_variant,H96N
benign_variant,A62V
pathogenic_variant,G9D
pathogenic_variant,M1K
benign_variant,G737S
pathogenic_variant,P88L
pathogenic_variant,C106G
pathogenic_variant,V132M
pathogenic_variant,C169R
benign_variant,Q188R
pathogenic_variant,A193V
pathogenic_variant,S195F
pathogenic_variant,G222D
pathogenic_variant,W269S
pathogenic_variant,D282E
pathogenic_variant,P285T
pathogenic_variant,W288C
pathogenic_variant,G301V
pathogenic_variant,P308L
pathogenic_variant,G315A
pathogenic_variant,Y363H
benign_variant,P387T
pathogenic_variant,R491Q
pathogenic_variant,G535S
pathogenic_variant,G574S
pathogenic_variant,L579V
pathogenic_variant,I582F
benign_variant,R647Q
pathogenic_variant,A747V
benign_variant,G729S
benign_variant,A761S
benign_variant,T847P
pathogenic_variant,N79K
benign_variant,L81P
benign_variant,L107H
benign_variant,S113F
pathogenic_variant,E140Q
pathogenic_variant,L161P
benign_variant,V182M
pathogenic_variant,A185T
benign_variant,S187F
pathogenic_variant,Q188P
pathogenic_variant,N190I
pathogenic_variant,T194P
pathogenic_variant,D212Y
benign_variant,V224A
pathogenic_variant,H228R
pathogenic_variant,T234I
pathogenic_variant,A235T
benign_variant,Y237F
benign_variant,N258I
benign_variant,D259N
pathogenic_variant,F261I
pathogenic_variant,F261S
pathogenic_variant,A265G
pathogenic_variant,W270R
pathogenic_variant,G271D
pathogenic_variant,T276P
pathogenic_variant,T277A
benign_variant,G279S
pathogenic_variant,D282H
pathogenic_variant,D282Y
benign_variant,T287A
pathogenic_variant,T287I
benign_variant,L293P
benign_variant,P308S
pathogenic_variant,G310S
pathogenic_variant,I311M
pathogenic_variant,G313R
pathogenic_variant,S314T
pathogenic_variant,G315E
pathogenic_variant,V320I
pathogenic_variant,H324R
pathogenic_variant,K327M
benign_variant,R332K
pathogenic_variant,P335R
pathogenic_variant,I340N
benign_variant,I340T
pathogenic_variant,A343G
pathogenic_variant,W344G
pathogenic_variant,N350H
pathogenic_variant,R353C
pathogenic_variant,T359A
pathogenic_variant,Y363C
benign_variant,R395G
benign_variant,C429Y
pathogenic_variant,R432C
benign_variant,D488E
pathogenic_variant,R504W
benign_variant,E530K
benign_variant,V543M
pathogenic_variant,P561R
pathogenic_variant,D566H
benign_variant,I568T
pathogenic_variant,K583N
pathogenic_variant,V589G
pathogenic_variant,E656K
pathogenic_variant,P852L
pathogenic_variant,L579M
